Date,ticker,side,quantity,price,fees,fx_rate,total_gbp,notes
25/10/2024,NUKL.DE,BUY,1,32.27,0.04,1.19829186,26.97,
07/02/2025,PLTR,BUY,0.1087333,114.95,0.02,1.24120087,10.09,
07/02/2025,CASH,DEPOSIT,0,0,0,0,10,
13/02/2025,BA,BUY,2.6831762,186.35,0.6,1.25190256,400,
13/02/2025,BABA,BUY,4.2453209,117.78,0.6,1.2519126,400,
13/02/2025,CASH,DEPOSIT,0,0,0,0,10000,
14/02/2025,CSPX,BUY,6.7550625,650.2,5.24,1.25677918,3500,
14/02/2025,NASD,BUY,2.080101,89.28,0.22,1.2566749,148,
14/02/2025,NASD,BUY,19,89.29,2.02,1.25669269,1352,
14/02/2025,CASH,INTEREST   ,0,0,0,0,1.2,
15/02/2025,CASH,INTEREST   ,0,0,0,0,0.55,
16/02/2025,CASH,INTEREST   ,0,0,0,0,0.55,
17/02/2025,CASH,INTEREST   ,0,0,0,0,0.55,
17/02/2025,CASH,WITHDRAW,0,0,0,0,-4202.85,
04/03/2025,PLTR,SELL,0.1087333,80.14,0.01,1.27210024,6.84,
04/03/2025,QUBT,SELL,1,5.01,0.01,1.2715736,3.93,
04/03/2025,SMR,SELL,0.170474,14.5,0,1.27416134,1.94,
05/03/2025,BRK-B,SELL,0.0316514,492.8,0.02,1.28694801,12.1,
05/03/2025,CNDX,SELL,0.3050213,1157.51,0.41,1.28682146,273.96,
06/03/2025,CASH,INTEREST   ,0,0,0,0,0.04,
07/03/2025,CSPX,BUY,0.6323803,611.54,0.45,1.29102269,300,
07/03/2025,NASD,BUY,1.252796,81.53,0.12,1.29111942,79.23,
07/03/2025,NASD,BUY,1.90949,81.53,0.18,1.29099195,120.77,
07/03/2025,CASH,DEPOSIT,0,0,0,0,201.15,
07/03/2025,CASH,INTEREST   ,0,0,0,0,0.04,
11/03/2025,CSPX,BUY,1.5333,589.95,1.05,1.29242796,700.95,
11/03/2025,CASH,DEPOSIT,0,0,0,0,1000,
12/03/2025,CASH,INTEREST   ,0,0,0,0,0.03,
13/03/2025,CASH,INTEREST   ,0,0,0,0,0.04,
14/03/2025,CASH,INTEREST   ,0,0,0,0,0.04,
15/03/2025,CASH,INTEREST   ,0,0,0,0,0.03,
16/03/2025,CASH,INTEREST   ,0,0,0,0,0.04,
17/03/2025,CASH,INTEREST   ,0,0,0,0,0.04,
18/03/2025,CASH,INTEREST   ,0,0,0,0,0.03,
19/03/2025,CASH,INTEREST   ,0,0,0,0,0.04,
20/03/2025,CASH,INTEREST   ,0,0,0,0,0.04,
21/03/2025,CASH,INTEREST   ,0,0,0,0,0.04,
22/03/2025,CASH,INTEREST   ,0,0,0,0,0.03,
23/03/2025,CASH,INTEREST   ,0,0,0,0,0.04,
24/03/2025,CASH,INTEREST   ,0,0,0,0,0.04,
25/03/2025,CASH,INTEREST   ,0,0,0,0,0.03,
26/03/2025,CASH,INTEREST   ,0,0,0,0,0.04,
27/03/2025,CASH,INTEREST   ,0,0,0,0,0.04,
28/03/2025,CASH,INTEREST   ,0,0,0,0,0.03,
29/03/2025,CASH,INTEREST   ,0,0,0,0,0.04,
30/03/2025,CASH,INTEREST   ,0,0,0,0,0.04,
31/03/2025,CASH,INTEREST   ,0,0,0,0,0.03,
01/04/2025,CASH,INTEREST   ,0,0,0,0,0.04,
02/04/2025,CASH,INTEREST   ,0,0,0,0,0.04,
03/04/2025,CSPX,BUY,0.4482098,584.26,0.3,1.31132227,200,
03/04/2025,CASH,INTEREST   ,0,0,0,0,0.03,
04/04/2025,CSPX,BUY,0.6847919,571.27,0.45,1.3059625,300,
04/04/2025,CSPX,BUY,0.6998209,556.93,0.45,1.30112252,300,
04/04/2025,NASD,BUY,2.673536,72.82,0.22,1.29981901,150,
04/04/2025,CASH,DEPOSIT,0,0,0,0,1000,
04/04/2025,CASH,INTEREST   ,0,0,0,0,0.02,
05/04/2025,CASH,INTEREST   ,0,0,0,0,0.04,
06/04/2025,CASH,INTEREST   ,0,0,0,0,0.04,
07/04/2025,CSPX,BUY,2.0012932,514.97,1.2,1.29019273,800,
07/04/2025,NASD,BUY,5.775961,66.93,0.45,1.29055272,300,
07/04/2025,CASH,DEPOSIT,0,0,0,0,1500,
07/04/2025,CASH,INTEREST   ,0,0,0,0,0.05,
08/04/2025,CASH,DEPOSIT,0,0,0,0,1000,
08/04/2025,CASH,INTEREST   ,0,0,0,0,0.09,
09/04/2025,BABA,BUY,4,100,0.47,1.27803693,313.45,
09/04/2025,CSPX,BUY,0.7213654,531.68,0.45,1.28037241,300,
09/04/2025,CSPX,BUY,0.9793569,521.23,0.6,1.27809263,400,
09/04/2025,CASH,DEPOSIT,0,0,0,0,400,
09/04/2025,CASH,INTEREST   ,0,0,0,0,0.21,
10/04/2025,CASH,INTEREST   ,0,0,0,0,0.14,
11/04/2025,CASH,INTEREST   ,0,0,0,0,0.14,
12/04/2025,CASH,INTEREST   ,0,0,0,0,0.14,
13/04/2025,CASH,INTEREST   ,0,0,0,0,0.14,
14/04/2025,CASH,INTEREST   ,0,0,0,0,0.14,
15/04/2025,CASH,INTEREST   ,0,0,0,0,0.14,
16/04/2025,CASH,INTEREST   ,0,0,0,0,0.14,
17/04/2025,CASH,INTEREST   ,0,0,0,0,0.14,
18/04/2025,CASH,INTEREST   ,0,0,0,0,0.14,
19/04/2025,CASH,INTEREST   ,0,0,0,0,0.14,
20/04/2025,CASH,INTEREST   ,0,0,0,0,0.15,
21/04/2025,CASH,INTEREST   ,0,0,0,0,0.14,
22/04/2025,CSPX,BUY,0.4826025,554.35,0.3,1.33966297,200,
22/04/2025,NASD,BUY,1.835867,72.86,0.15,1.33962212,100,
22/04/2025,CASH,DEPOSIT,0,0,0,0,215,
22/04/2025,CASH,INTEREST   ,0,0,0,0,0.14,
23/04/2025,CASH,INTEREST   ,0,0,0,0,0.13,
24/04/2025,CASH,INTEREST   ,0,0,0,0,0.12,
25/04/2025,CASH,INTEREST   ,0,0,0,0,0.13,
26/04/2025,CASH,INTEREST   ,0,0,0,0,0.13,
27/04/2025,CASH,INTEREST   ,0,0,0,0,0.13,
28/04/2025,CASH,INTEREST   ,0,0,0,0,0.13,
29/04/2025,CASH,INTEREST   ,0,0,0,0,0.13,
30/04/2025,CSPX,BUY,1.1426479,582.91,0.75,1.33412295,500,
30/04/2025,NASD,BUY,5.172698,77.22,0.45,1.33345264,300,
30/04/2025,CASH,INTEREST   ,0,0,0,0,0.13,
01/05/2025,NKE,BUY,2,57.13,0.13,1.32814134,86.16,
01/05/2025,CASH,INTEREST   ,0,0,0,0,0.04,
02/05/2025,CASH,INTEREST   ,0,0,0,0,0.02,
03/05/2025,CASH,INTEREST   ,0,0,0,0,0.02,
04/05/2025,CASH,INTEREST   ,0,0,0,0,0.02,
05/05/2025,CASH,INTEREST   ,0,0,0,0,0.02,
06/05/2025,CASH,INTEREST   ,0,0,0,0,0.02,
07/05/2025,CASH,INTEREST   ,0,0,0,0,0.02,
08/05/2025,BA,BUY,1,187.1,0.21,1.33347587,140.52,
08/05/2025,CASH,INTEREST   ,0,0,0,0,0.02,
10/05/2025,CASH,INTEREST   ,0,0,0,0,0.01,
13/05/2025,CASH,INTEREST   ,0,0,0,0,0.01,
14/05/2025,BA,BUY,0.6502713,204.5,0.15,1.33180251,100,
14/05/2025,CSPX,BUY,0.211773,627.67,0.15,1.33123243,100,
14/05/2025,NASD,BUY,1.543672,86.11,0.15,1.33125283,100,
14/05/2025,CASH,DEPOSIT,0,0,0,0,1000,
15/05/2025,CASH,INTEREST   ,0,0,0,0,0.09,
16/05/2025,CASH,INTEREST   ,0,0,0,0,0.09,
17/05/2025,CASH,INTEREST   ,0,0,0,0,0.09,
18/05/2025,CASH,INTEREST   ,0,0,0,0,0.09,
19/05/2025,CASH,INTEREST   ,0,0,0,0,0.09,
20/05/2025,CASH,INTEREST   ,0,0,0,0,0.09,
21/05/2025,CASH,INTEREST   ,0,0,0,0,0.09,
22/05/2025,SLB,BUY,1,33.44,0.04,1.34189406,24.96,
22/05/2025,CASH,INTEREST   ,0,0,0,0,0.09,
23/05/2025,CSPX,BUY,0.2201254,613.23,0.15,1.35190284,100,
23/05/2025,NASD,BUY,0.668513,84.01,0.06,1.3519927,41.6,
23/05/2025,NASD,BUY,0.938384,84.01,0.09,1.35197461,58.4,
23/05/2025,CASH,INTEREST   ,0,0,0,0,0.09,
24/05/2025,CASH,INTEREST   ,0,0,0,0,0.06,
25/05/2025,CASH,INTEREST   ,0,0,0,0,0.06,
26/05/2025,CASH,INTEREST   ,0,0,0,0,0.06,
27/05/2025,CASH,INTEREST   ,0,0,0,0,0.06,
28/05/2025,CASH,INTEREST   ,0,0,0,0,0.06,
29/05/2025,CASH,INTEREST   ,0,0,0,0,0.06,
30/05/2025,CSPX,BUY,0.1069551,629.17,0.07,1.34774564,50,
30/05/2025,NASD,BUY,0.778359,86.46,0.07,1.34782533,50,
30/05/2025,CASH,INTEREST   ,0,0,0,0,0.06,
31/05/2025,CASH,INTEREST   ,0,0,0,0,0.04,
01/06/2025,CASH,INTEREST   ,0,0,0,0,0.05,
02/06/2025,CASH,INTEREST   ,0,0,0,0,0.05,
03/06/2025,CASH,INTEREST   ,0,0,0,0,0.05,
04/06/2025,CASH,INTEREST   ,0,0,0,0,0.04,
05/06/2025,PYPL,BUY,1,72.82,0.08,1.36137595,53.57,
05/06/2025,CASH,INTEREST   ,0,0,0,0,0.05,
06/06/2025,CASH,INTEREST   ,0,0,0,0,0.04,
07/06/2025,CASH,INTEREST   ,0,0,0,0,0.04,
08/06/2025,CASH,INTEREST   ,0,0,0,0,0.04,
09/06/2025,CASH,INTEREST   ,0,0,0,0,0.04,
10/06/2025,CASH,INTEREST   ,0,0,0,0,0.05,
11/06/2025,CASH,INTEREST   ,0,0,0,0,0.04,
12/06/2025,CASH,INTEREST   ,0,0,0,0,0.04,
13/06/2025,CASH,INTEREST   ,0,0,0,0,0.04,
14/06/2025,CASH,INTEREST   ,0,0,0,0,0.04,
15/06/2025,CASH,INTEREST   ,0,0,0,0,0.04,
16/06/2025,CASH,INTEREST   ,0,0,0,0,0.04,
17/06/2025,CASH,INTEREST   ,0,0,0,0,0.04,
18/06/2025,CASH,INTEREST   ,0,0,0,0,0.04,
19/06/2025,CASH,INTEREST   ,0,0,0,0,0.04,
20/06/2025,CASH,INTEREST   ,0,0,0,0,0.05,
21/06/2025,CASH,INTEREST   ,0,0,0,0,0.04,
22/06/2025,CASH,INTEREST   ,0,0,0,0,0.04,
23/06/2025,CASH,INTEREST   ,0,0,0,0,0.04,
24/06/2025,CASH,INTEREST   ,0,0,0,0,0.04,
25/06/2025,CASH,INTEREST   ,0,0,0,0,0.04,
26/06/2025,CASH,INTEREST   ,0,0,0,0,0.04,
27/06/2025,CASH,INTEREST   ,0,0,0,0,0.04,
28/06/2025,CASH,INTEREST   ,0,0,0,0,0.04,
29/06/2025,CASH,INTEREST   ,0,0,0,0,0.04,
30/06/2025,CASH,INTEREST   ,0,0,0,0,0.05,
01/07/2025,NKE,DIVIDEND   ,2,0.34,0.12,0.72058823,0.49,
01/07/2025,CASH,INTEREST   ,0,0,0,0,0.04,
02/07/2025,CASH,INTEREST   ,0,0,0,0,0.04,
03/07/2025,CASH,INTEREST   ,0,0,0,0,0.04,
04/07/2025,CASH,INTEREST   ,0,0,0,0,0.04,
05/07/2025,CASH,INTEREST   ,0,0,0,0,0.04,
06/07/2025,CASH,INTEREST   ,0,0,0,0,0.04,
07/07/2025,CASH,INTEREST   ,0,0,0,0,0.04,
08/07/2025,CASH,INTEREST   ,0,0,0,0,0.04,
09/07/2025,CASH,INTEREST   ,0,0,0,0,0.05,
10/07/2025,BABA,DIVIDEND   ,8.2453209,1.05,0,0.73461578,6.36,
10/07/2025,BABA,DIVIDEND   ,8.2453209,0.95,0,0.73406864,5.75,
10/07/2025,SLB,DIVIDEND   ,1,0.285,0,0.7368421,0.21,
10/07/2025,CASH,INTEREST   ,0,0,0,0,0.04,
11/07/2025,CASH,INTEREST   ,0,0,0,0,0.04,
12/07/2025,CASH,INTEREST   ,0,0,0,0,0.04,
13/07/2025,CASH,INTEREST   ,0,0,0,0,0.04,
14/07/2025,CASH,INTEREST   ,0,0,0,0,0.05,
15/07/2025,CASH,INTEREST   ,0,0,0,0,0.04,
16/07/2025,CASH,INTEREST   ,0,0,0,0,0.04,
17/07/2025,CASH,INTEREST   ,0,0,0,0,0.05,
18/07/2025,CASH,INTEREST   ,0,0,0,0,0.04,
19/07/2025,CASH,INTEREST   ,0,0,0,0,0.04,
20/07/2025,CASH,INTEREST   ,0,0,0,0,0.04,
21/07/2025,CASH,INTEREST   ,0,0,0,0,0.05,
22/07/2025,CASH,INTEREST   ,0,0,0,0,0.04,
23/07/2025,CASH,INTEREST   ,0,0,0,0,0.04,
24/07/2025,CASH,INTEREST   ,0,0,0,0,0.04,
25/07/2025,CASH,INTEREST   ,0,0,0,0,0.05,
26/07/2025,CASH,INTEREST   ,0,0,0,0,0.04,
27/07/2025,CASH,INTEREST   ,0,0,0,0,0.04,
28/07/2025,CASH,INTEREST   ,0,0,0,0,0.04,
29/07/2025,CASH,INTEREST   ,0,0,0,0,0.05,
30/07/2025,CASH,INTEREST   ,0,0,0,0,0.04,
31/07/2025,CASH,INTEREST   ,0,0,0,0,0.04,
01/08/2025,CSPX,BUY,0.1956312,673.88,0.15,1.32029998,100,
01/08/2025,NASD,BUY,1.4067971,93.71,0.15,1.32028999,100,
01/08/2025,CASH,INTEREST   ,0,0,0,0,0.05,
02/08/2025,CASH,INTEREST   ,0,0,0,0,0.02,
03/08/2025,CASH,INTEREST   ,0,0,0,0,0.01,
04/08/2025,CASH,INTEREST   ,0,0,0,0,0.02,
05/08/2025,CASH,INTEREST   ,0,0,0,0,0.02,
06/08/2025,CASH,INTEREST   ,0,0,0,0,0.02,
07/08/2025,CASH,INTEREST   ,0,0,0,0,0.02,
08/08/2025,CASH,INTEREST   ,0,0,0,0,0.02,
09/08/2025,CASH,INTEREST   ,0,0,0,0,0.02,
10/08/2025,CASH,INTEREST   ,0,0,0,0,0.02,
11/08/2025,CASH,INTEREST   ,0,0,0,0,0.02,
12/08/2025,CASH,INTEREST   ,0,0,0,0,0.02,
13/08/2025,CASH,INTEREST   ,0,0,0,0,0.02,
14/08/2025,CASH,INTEREST   ,0,0,0,0,0.02,
15/08/2025,CASH,INTEREST   ,0,0,0,0,0.02,
16/08/2025,CASH,INTEREST   ,0,0,0,0,0.02,
17/08/2025,CASH,INTEREST   ,0,0,0,0,0.01,
18/08/2025,CASH,INTEREST   ,0,0,0,0,0.02,
19/08/2025,CASH,INTEREST   ,0,0,0,0,0.02,
20/08/2025,ISPE,BUY,7.77121541,6.434,0,1,50,
20/08/2025,CASH,INTEREST   ,0,0,0,0,0.02,
21/08/2025,CASH,INTEREST   ,0,0,0,0,0.01,
22/08/2025,CASH,INTEREST   ,0,0,0,0,0.01,
23/08/2025,CASH,INTEREST   ,0,0,0,0,0.02,
24/08/2025,CASH,INTEREST   ,0,0,0,0,0.01,
25/08/2025,CASH,INTEREST   ,0,0,0,0,0.01,
26/08/2025,CASH,INTEREST   ,0,0,0,0,0.01,
27/08/2025,CASH,INTEREST   ,0,0,0,0,0.02,
28/08/2025,CASH,INTEREST   ,0,0,0,0,0.01,
29/08/2025,CASH,INTEREST   ,0,0,0,0,0.01,
30/08/2025,CASH,INTEREST   ,0,0,0,0,0.02,
31/08/2025,CASH,INTEREST   ,0,0,0,0,0.01,
01/09/2025,CASH,INTEREST   ,0,0,0,0,0.01,
02/09/2025,CASH,INTEREST   ,0,0,0,0,0.01,
03/09/2025,CASH,INTEREST   ,0,0,0,0,0.02,
04/09/2025,CASH,INTEREST   ,0,0,0,0,0.01,
05/09/2025,CASH,INTEREST   ,0,0,0,0,0.01,
06/09/2025,CASH,INTEREST   ,0,0,0,0,0.01,
07/09/2025,CASH,INTEREST   ,0,0,0,0,0.02,
08/09/2025,CASH,INTEREST   ,0,0,0,0,0.01,
09/09/2025,CASH,INTEREST   ,0,0,0,0,0.01,
10/09/2025,IGUS,BUY,0.33480648,14934,0,100,50,
10/09/2025,CASH,INTEREST   ,0,0,0,0,0.02,
12/09/2025,CASH,INTEREST   ,0,0,0,0,0.01,
13/09/2025,CASH,INTEREST   ,0,0,0,0,0.01,
15/09/2025,CASH,INTEREST   ,0,0,0,0,0.01,
16/09/2025,PYPL,BUY,1,66.94,0.07,1.36528655,49.1,
16/09/2025,CASH,INTEREST   ,0,0,0,0,0.01,
20/09/2025,CASH,INTEREST   ,0,0,0,0,0.01,
23/09/2025,BABA,SELL,1.18452541,164.68,0.22,1.35256999,144,
23/09/2025,CSPX,SELL,1,715.03,0.79,1.35135697,528.33,
23/09/2025,CSPX,SELL,1,715.02,0.79,1.35136361,528.32,
23/09/2025,CSPX,SELL,1.1407398,715.04,0.91,1.35134954,602.69,
23/09/2025,CSPX,SELL,8,715.04,6.35,1.3513599,4226.66,
23/09/2025,IGUS,BUY,19.33102502,15307,0,100,2959,
23/09/2025,ISPE,SELL,7.77121541,6.517,0,1,50.65,
23/09/2025,NASD,SELL,2,100.42,0.22,1.35136589,148.4,
23/09/2025,NASD,SELL,2.1672241,100.4,0.24,1.35140239,160.77,
23/09/2025,NASD,SELL,10,100.4,1.11,1.35138772,741.83,
23/09/2025,R2SC,BUY,15.02739467,52.93,0,1,795.4,
23/09/2025,R2SC,BUY,55.39476389,52.94,0,1,2932.6,
24/09/2025,CASH,INTEREST   ,0,0,0,0,0.05,
25/09/2025,CASH,INTEREST   ,0,0,0,0,0.05,
26/09/2025,CASH,INTEREST   ,0,0,0,0,0.05,
27/09/2025,CASH,INTEREST   ,0,0,0,0,0.05,
28/09/2025,CASH,INTEREST   ,0,0,0,0,0.05,
29/09/2025,CASH,INTEREST   ,0,0,0,0,0.05,
30/09/2025,CASH,INTEREST   ,0,0,0,0,0.05,
01/10/2025,NKE,DIVIDEND   ,2,0.34,0.12,0.73529411,0.5,
01/10/2025,CASH,INTEREST   ,0,0,0,0,0.06,
02/10/2025,CASH,INTEREST   ,0,0,0,0,0.05,
03/10/2025,ETSY,BUY,4,75.4,0.34,1.34727061,224.2,
03/10/2025,CASH,INTEREST   ,0,0,0,0,0.05,
04/10/2025,CASH,INTEREST   ,0,0,0,0,0.02,
05/10/2025,CASH,INTEREST   ,0,0,0,0,0.03,
06/10/2025,CASH,INTEREST   ,0,0,0,0,0.02,
07/10/2025,CASH,INTEREST   ,0,0,0,0,0.03,
08/10/2025,KGS,BUY,7,35.03,0.27,1.3433956,182.8,
08/10/2025,CASH,INTEREST   ,0,0,0,0,0.03,
09/10/2025,SLB,DIVIDEND   ,1,0.285,0,0.7368421,0.21,
10/10/2025,CASH,INTEREST   ,0,0,0,0,0.01,
12/10/2025,CASH,INTEREST   ,0,0,0,0,0.01,
13/10/2025,CASH,INTEREST   ,0,0,0,0,0.01,
15/10/2025,CASH,INTEREST   ,0,0,0,0,0.01,
16/10/2025,CSPX,SELL,1.48775154,716.3,1.19,1.34476999,791.27,
16/10/2025,CSPX,SELL,2.8313,716.27,2.26,1.344722,1505.84,
16/10/2025,EWSP,BUY,27.0898776,5.068,0,1,137.29,
16/10/2025,EWSP,BUY,115.9648777,5.068,0,1,587.71,
16/10/2025,IGUS,SELL,14.94293921,15317,0,100,2288.81,
16/10/2025,NASD,SELL,0.0266137,100.98,0,1.34372571,2,
16/10/2025,NASD,SELL,2,101,0.23,1.34460493,150,
16/10/2025,NASD,SELL,2.2026,100.98,0.25,1.34464994,165.16,
16/10/2025,NASD,SELL,17,100.98,1.92,1.34462825,1274.76,
16/10/2025,CASH,INTEREST   ,0,0,0,0,0.01,
17/10/2025,CASH,INTEREST   ,0,0,0,0,0.59,
18/10/2025,CASH,INTEREST   ,0,0,0,0,0.6,
19/10/2025,CASH,INTEREST   ,0,0,0,0,0.6,
20/10/2025,CASH,INTEREST   ,0,0,0,0,0.6,
21/10/2025,CASH,INTEREST   ,0,0,0,0,0.6,
22/10/2025,CASH,INTEREST   ,0,0,0,0,0.6,
23/10/2025,CASH,INTEREST   ,0,0,0,0,0.6,
24/10/2025,CASH,INTEREST   ,0,0,0,0,0.6,
25/10/2025,CASH,INTEREST   ,0,0,0,0,0.6,
26/10/2025,CASH,INTEREST   ,0,0,0,0,0.6,
27/10/2025,CASH,INTEREST   ,0,0,0,0,0.6,
28/10/2025,CASH,INTEREST   ,0,0,0,0,0.6,
29/10/2025,CASH,INTEREST   ,0,0,0,0,0.6,
30/10/2025,CASH,INTEREST   ,0,0,0,0,0.6,
31/10/2025,CASH,INTEREST   ,0,0,0,0,0.6,
01/11/2025,CASH,INTEREST   ,0,0,0,0,0.6,
02/11/2025,CASH,INTEREST   ,0,0,0,0,0.6,
03/11/2025,CASH,INTEREST   ,0,0,0,0,0.6,
04/11/2025,CASH,INTEREST   ,0,0,0,0,0.6,
05/11/2025,CASH,INTEREST   ,0,0,0,0,0.6,
06/11/2025,CASH,INTEREST   ,0,0,0,0,0.6,
07/11/2025,CASH,INTEREST   ,0,0,0,0,0.6,
08/11/2025,CASH,INTEREST   ,0,0,0,0,0.6,
09/11/2025,CASH,INTEREST   ,0,0,0,0,0.6,
10/11/2025,CASH,INTEREST   ,0,0,0,0,0.6,
11/11/2025,CASH,INTEREST   ,0,0,0,0,0.6,
12/11/2025,CASH,INTEREST   ,0,0,0,0,0.6,
13/11/2025,KGS,DIVIDEND   ,7,0.4165,0.51,0.76144743,2.22,
13/11/2025,CASH,INTEREST   ,0,0,0,0,0.6,
14/11/2025,CASH,INTEREST   ,0,0,0,0,0.6,
15/11/2025,CASH,INTEREST   ,0,0,0,0,0.6,
16/11/2025,CASH,INTEREST   ,0,0,0,0,0.6,
17/11/2025,CASH,INTEREST   ,0,0,0,0,0.6,
18/11/2025,CASH,INTEREST   ,0,0,0,0,0.61,
19/11/2025,CASH,INTEREST   ,0,0,0,0,0.6,
20/11/2025,CASH,INTEREST   ,0,0,0,0,0.6,
21/11/2025,CASH,INTEREST   ,0,0,0,0,0.6,
22/11/2025,CASH,INTEREST   ,0,0,0,0,0.6,
23/11/2025,CASH,INTEREST   ,0,0,0,0,0.6,
24/11/2025,PYPL,BUY,2,60.06,0.14,1.30849673,91.94,
24/11/2025,CASH,INTEREST   ,0,0,0,0,0.61,
25/11/2025,CASH,INTEREST   ,0,0,0,0,0.59,
26/11/2025,CASH,INTEREST   ,0,0,0,0,0.59,
27/11/2025,CASH,INTEREST   ,0,0,0,0,0.59,
28/11/2025,CASH,INTEREST   ,0,0,0,0,0.59,
29/11/2025,CASH,INTEREST   ,0,0,0,0,0.59,
30/11/2025,CASH,INTEREST   ,0,0,0,0,0.6,
01/12/2025,CASH,INTEREST   ,0,0,0,0,0.59,
02/12/2025,CASH,INTEREST   ,0,0,0,0,0.59,
03/12/2025,CASH,INTEREST   ,0,0,0,0,0.59,
04/12/2025,CASH,INTEREST   ,0,0,0,0,0.6,
05/12/2025,CASH,INTEREST   ,0,0,0,0,0.59,
06/12/2025,CASH,INTEREST   ,0,0,0,0,0.59,
07/12/2025,CASH,INTEREST   ,0,0,0,0,0.59,
08/12/2025,CASH,INTEREST   ,0,0,0,0,0.6,
09/12/2025,CASH,INTEREST   ,0,0,0,0,0.59,
10/12/2025,PYPL,DIVIDEND   ,2,0.119,0.04,0.75630252,0.18,
10/12/2025,CASH,INTEREST   ,0,0,0,0,0.59,
11/12/2025,CASH,INTEREST   ,0,0,0,0,0.59,
12/12/2025,CASH,INTEREST   ,0,0,0,0,0.6,
13/12/2025,CASH,INTEREST   ,0,0,0,0,0.59,
14/12/2025,CASH,INTEREST   ,0,0,0,0,0.59,
15/12/2025,PSH.L,BUY,4,4986,0,100,199.44,
15/12/2025,CASH,INTEREST   ,0,0,0,0,0.6,
16/12/2025,CASH,INTEREST   ,0,0,0,0,0.57,
17/12/2025,CASH,INTEREST   ,0,0,0,0,0.57,
18/12/2025,CASH,INTEREST   ,0,0,0,0,0.57,
19/12/2025,CASH,INTEREST   ,0,0,0,0,0.57,
20/12/2025,CASH,INTEREST   ,0,0,0,0,0.57,
21/12/2025,CASH,INTEREST   ,0,0,0,0,0.57,
22/12/2025,CASH,INTEREST   ,0,0,0,0,0.58,
23/12/2025,CASH,INTEREST   ,0,0,0,0,0.57,
24/12/2025,CASH,INTEREST   ,0,0,0,0,0.57,
25/12/2025,CASH,INTEREST   ,0,0,0,0,0.57,
26/12/2025,CASH,INTEREST   ,0,0,0,0,0.54,
27/12/2025,CASH,INTEREST   ,0,0,0,0,0.54,
28/12/2025,CASH,INTEREST   ,0,0,0,0,0.53,
29/12/2025,CASH,INTEREST   ,0,0,0,0,0.54,
30/12/2025,CASH,INTEREST   ,0,0,0,0,0.54,
31/12/2025,CASH,INTEREST   ,0,0,0,0,0.54,
01/01/2026,CASH,INTEREST   ,0,0,0,0,0.54,
02/01/2026,CASH,INTEREST   ,0,0,0,0,0.53,
02/01/2026,NKE,DIVIDEND   ,2,0.3485,0.12,0.742661,0.52,
03/01/2026,CASH,INTEREST   ,0,0,0,0,0.54,
04/01/2026,CASH,INTEREST   ,0,0,0,0,0.54,
05/01/2026,CASH,INTEREST   ,0,0,0,0,0.54,
06/01/2026,CASH,INTEREST   ,0,0,0,0,0.53,
07/01/2026,CASH,INTEREST   ,0,0,0,0,0.54,
07/01/2026,CASH,WITHDRAW,0,0,0,0,-1250,
08/01/2026,CASH,INTEREST   ,0,0,0,0,0.41,
08/01/2026,SLB,DIVIDEND   ,1,0.285,0,0.743279,0.21,
09/01/2026,CASH,INTEREST   ,0,0,0,0,0.41,
10/01/2026,CASH,INTEREST   ,0,0,0,0,0.41,
11/01/2026,CASH,INTEREST   ,0,0,0,0,0.42,
12/01/2026,CASH,INTEREST   ,0,0,0,0,0.41,
13/01/2026,CASH,INTEREST   ,0,0,0,0,0.41,
14/01/2026,CASH,INTEREST   ,0,0,0,0,0.41,
15/01/2026,CASH,INTEREST   ,0,0,0,0,0.41,
16/01/2026,CASH,INTEREST   ,0,0,0,0,0.41,
17/01/2026,CASH,INTEREST   ,0,0,0,0,0.41,
18/01/2026,CASH,INTEREST   ,0,0,0,0,0.41,
19/01/2026,CASH,INTEREST   ,0,0,0,0,0.41,
20/01/2026,CASH,INTEREST   ,0,0,0,0,0.41,
21/01/2026,CASH,INTEREST   ,0,0,0,0,0.41,
22/01/2026,CASH,INTEREST   ,0,0,0,0,0.42,
23/01/2026,CASH,INTEREST   ,0,0,0,0,0.41,
24/01/2026,CASH,DEPOSIT,0,0,0,0,500,
24/01/2026,CASH,INTEREST   ,0,0,0,0,0.41,
25/01/2026,CASH,INTEREST   ,0,0,0,0,0.46,
26/01/2026,CASH,INTEREST   ,0,0,0,0,0.46,
27/01/2026,CASH,INTEREST   ,0,0,0,0,0.46,
28/01/2026,CASH,INTEREST   ,0,0,0,0,0.47,
29/01/2026,CASH,DEPOSIT,0,0,0,0,400,
29/01/2026,CASH,INTEREST   ,0,0,0,0,0.46,
30/01/2026,CASH,INTEREST   ,0,0,0,0,0.5,
31/01/2026,CASH,INTEREST   ,0,0,0,0,0.51,
01/02/2026,CASH,INTEREST   ,0,0,0,0,0.5,
01/02/2026,CASH,WITHDRAW,0,0,0,0,-500,
02/02/2026,CASH,DEPOSIT,0,0,0,0,500,
02/02/2026,CASH,INTEREST   ,0,0,0,0,0.45,
03/02/2026,CASH,INTEREST   ,0,0,0,0,0.51,
04/02/2026,CASH,INTEREST   ,0,0,0,0,0.5,
05/02/2026,CASH,INTEREST   ,0,0,0,0,0.5,
06/02/2026,CASH,INTEREST   ,0,0,0,0,0.51,
07/02/2026,CASH,INTEREST   ,0,0,0,0,0.5,
08/02/2026,CASH,INTEREST   ,0,0,0,0,0.5,
09/02/2026,CASH,INTEREST   ,0,0,0,0,0.51,
10/02/2026,CASH,INTEREST   ,0,0,0,0,0.5,
11/02/2026,CASH,INTEREST   ,0,0,0,0,0.51,
12/02/2026,CASH,INTEREST   ,0,0,0,0,0.5,
13/02/2026,CASH,INTEREST   ,0,0,0,0,0.5,
14/02/2026,CASH,INTEREST   ,0,0,0,0,0.51,
15/02/2026,CASH,INTEREST   ,0,0,0,0,0.5,
16/02/2026,CASH,INTEREST   ,0,0,0,0,0.51,
17/02/2026,CASH,INTEREST   ,0,0,0,0,0.5,
18/02/2026,CASH,INTEREST   ,0,0,0,0,0.51,
19/02/2026,CASH,INTEREST   ,0,0,0,0,0.5,
20/02/2026,CASH,INTEREST   ,0,0,0,0,0.5,
20/02/2026,KGS,DIVIDEND   ,7,0.4165,0.51,0.742832,2.17,
21/02/2026,CASH,INTEREST   ,0,0,0,0,0.51,
22/02/2026,CASH,INTEREST   ,0,0,0,0,0.5,
23/02/2026,CASH,INTEREST   ,0,0,0,0,0.51,
24/02/2026,PYPL,BUY,6.2313052,43.23,0.3,1.34891999,200,
24/02/2026,CASH,INTEREST   ,0,0,0,0,0.5,
25/02/2026,DSY.PA,BUY,10,17.65,0.23,1.14625276,154.83,
25/02/2026,CASH,INTEREST   ,0,0,0,0,0.49,
26/02/2026,CASH,INTEREST   ,0,0,0,0,0.47,
27/02/2026,KGS,SELL,7,54.05,0.42,1.34648919,280.57,
27/02/2026,CASH,DEPOSIT,0,0,0,0,300,
27/02/2026,CASH,INTEREST   ,0,0,0,0,0.47,
28/02/2026,CASH,INTEREST   ,0,0,0,0,0.52,
01/03/2026,CASH,INTEREST   ,0,0,0,0,0.53,
02/03/2026,CASH,INTEREST   ,0,0,0,0,0.53,
03/03/2026,CASH,INTEREST   ,0,0,0,0,0.53,
04/03/2026,CASH,INTEREST   ,0,0,0,0,0.53,
05/03/2026,CASH,INTEREST   ,0,0,0,0,0.53,
06/03/2026,CASH,INTEREST   ,0,0,0,0,0.52,
07/03/2026,CASH,INTEREST   ,0,0,0,0,0.53,
08/03/2026,,INTEREST   ,,,0,,0.53,
09/03/2026,,INTEREST   ,,,0,,0.53,
10/03/2026,,INTEREST   ,,,0,,0.53,
11/03/2026,,INTEREST   ,,,0,,0.53,
12/03/2026,,INTEREST   ,,,0,,0.53,
13/03/2026,,INTEREST   ,,,0,,0.52,
14/03/2026,,INTEREST   ,,,0,,0.53,
15/03/2026,,INTEREST   ,,,0,,0.53,
16/03/2026,,WITHDRAW  ,,,0,,-1000,
16/03/2026,,INTEREST   ,,,0,,0.53,
17/03/2026,,INTEREST   ,,,0,,0.43,
17/03/2026,,DEPOSIT,,,0,,1000,
18/03/2026,,INTEREST   ,,,0,,0.53,
19/03/2026,,INTEREST   ,,,0,,0.53,
20/03/2026,,INTEREST   ,,,0,,0.53,
20/03/2026,PSH.L,DIVIDEND   ,4,13.4411,0,0.01,0.54,
21/03/2026,,INTEREST   ,,,0,,0.52,
22/03/2026,,INTEREST   ,,,0,,0.53,
23/03/2026,EZJ.L,BUY,37.47103128,345.2,0.65,100,130,
23/03/2026,EZJ.L,BUY,2.52896872,343.1,0.04,100,8.72,
23/03/2026,,INTEREST   ,,,0,,0.53,
24/03/2026,,INTEREST   ,,,0,,0.52,
25/03/2026,,INTEREST   ,,,0,,0.51,
25/03/2026,PYPL,DIVIDEND   ,10.2313052,0.119,0.21,0.74706,0.91,
26/03/2026,RMV.L,BUY,33,418.4,0.69,100,138.76,
26/03/2026,,INTEREST   ,,,0,,0.52,
27/03/2026,,INTEREST   ,,,0,,0.5,
28/03/2026,,INTEREST   ,,,0,,0.5,
29/03/2026,,INTEREST   ,,,0,,0.5,
30/03/2026,,INTEREST   ,,,0,,0.51,
31/03/2026,,INTEREST   ,,,0,,0.5,